Episode,Action Sequence,Total Reward,Steps Taken,Weights
1,"[2, 3, 2, 0, 3, 2, 1, 2, 1, 0, 3, 3, 2, 0, 3, 1, 3, 1, 0, 1, 3, 3, 0, 1, 0, 0, 1, 2, 3, 2, 2, 1, 2, 1, 3, 2, 1, 3, 3, 1, 3]",-35,41,"[[-0.19293689 -0.43553966 -0.26390293 -0.08083418 -0.20146003 -0.39662964
  -0.02031142 -0.27000673 -0.16479976]
 [-0.53366472 -0.38711568 -0.52374268 -0.26823609 -0.3782722  -0.25823762
  -0.50772332 -0.23155405 -0.38584363]
 [-0.15974019 -0.9314828  -0.47214188 -0.17699064 -0.360588   -0.30338917
  -0.08875006 -0.57344509 -0.41970272]
 [ 1.89058273 -0.49942884 -0.42071041 -0.00367952 -0.08435815 -0.50900708
   2.05721115 -0.26001018 -0.26808991]]"
2,"[1, 1, 3, 2, 1, 0, 0, 3, 0, 3, 3, 2, 3, 0, 3, 0, 2, 3, 2, 2, 2, 3, 1, 3, 0, 3, 3, 1, 0, 0, 3, 3, 2, 2, 1, 0, 3, 2, 2, 2, 0, 0, 0, 3, 2, 1, 0, 3, 2, 2, 2, 3, 3, 1, 1, 3, 3, 1, 3, 0, 0, 1, 2, 3, 1, 3, 3, 0, 1, 1]",-100,70,"[[-0.42104714 -1.45471958 -1.36281605 -0.2662814  -0.44475505 -0.90374738
  -0.0642538  -0.81817282 -1.16274928]
 [ 1.7710555  -0.78588216 -0.56230829 -0.260147   -0.15068427  1.88751087
  -0.19249424 -0.42408428 -0.99161526]
 [-0.24740142 -1.55864412 -1.14752865 -0.19953501 -0.49359445 -0.6357585
  -0.09407599 -0.7804609  -1.12970912]
 [ 0.33653133 -1.29468375 -1.83553017 -0.16208964 -0.70490975 -2.33041771
   1.83734114 -0.62871918 -1.2394547 ]]"
3,"[2, 2, 0, 0, 1, 1, 2, 3, 1, 3, 1, 3, 3]",-7,13,"[[-0.42121588 -1.95772152 -1.37202885 -0.27549421 -0.46979804 -0.90380945
  -0.06431588 -1.00321689 -1.34779336]
 [ 1.75740509 -0.94819035 -0.56794719 -0.29355714 -0.18631478  1.88565799
  -0.20612969 -0.54179521 -1.02998771]
 [-0.25161897 -2.2797505  -1.16073618 -0.42980581 -0.59983062 -0.63602183
  -0.10514627 -1.56544587 -1.32465494]
 [ 2.50994132 -1.33596961 -1.796837   -0.01541221 -0.45644809 -2.02770796
   3.83860406 -0.75062945 -1.24102808]]"
4,"[3, 3, 2, 1, 1, 1, 3, 3, 1, 3]",16,10,"[[-0.42121588 -1.95772152 -1.37202885 -0.27549421 -0.46979804 -0.90380945
  -0.06431588 -1.00321689 -1.34779336]
 [ 1.75422951 -0.99135341 -0.57609862 -0.19090303 -0.11145638  1.88074999
  -0.19753331 -0.46065772 -1.14109002]
 [-0.25107034 -2.24979606 -1.13078173 -0.42925718 -0.58881099 -0.63453049
  -0.10511896 -1.56395452 -1.24323031]
 [ 4.42066806 -1.46338618 -1.78605399  0.21522619 -0.30218437 -1.77047977
   5.7745225  -0.76146142 -1.32033337]]"
5,"[2, 3, 1, 3, 1, 1, 3, 3, 1]",13,9,"[[-0.42121588 -1.95772152 -1.37202885 -0.27549421 -0.46979804 -0.90380945
  -0.06431588 -1.00321689 -1.34779336]
 [ 4.19075448 -0.7728186   0.02358736  0.08414029  0.87352169  4.17553392
   0.1843581  -0.37893864 -1.06429625]
 [-0.25114995 -2.48711272 -1.13512834 -0.43360378 -0.60062629 -0.63455977
  -0.10514824 -1.65125845 -1.33053423]
 [ 3.66110583 -1.55836967 -1.88835358 -0.01766475 -0.67573342 -2.01478567
   5.39962524 -0.80932434 -1.35052267]]"
6,"[1, 1, 1, 1, 3, 3, 3, 3]",18,8,"[[-0.42121588 -1.95772152 -1.37202885 -0.27549421 -0.46979804 -0.90380945
  -0.06431588 -1.00321689 -1.34779336]
 [ 4.18971744 -0.93548038  0.0206081   0.02751995  0.84828913  4.17547137
   0.18036041 -0.56538339 -1.0985622 ]
 [-0.25114995 -2.48711272 -1.13512834 -0.43360378 -0.60062629 -0.63455977
  -0.10514824 -1.65125845 -1.33053423]
 [ 5.51239415 -1.55249376 -1.85444605  0.30314947 -0.4439213  -1.75246864
   7.11249797 -0.76467302 -1.34994807]]"
7,"[3, 1, 1, 1, 3, 3, 3, 1]",18,8,"[[-0.42121588 -1.95772152 -1.37202885 -0.27549421 -0.46979804 -0.90380945
  -0.06431588 -1.00321689 -1.34779336]
 [ 6.21407178 -0.82777994  0.30554582  0.22432046  1.27490667  6.18100543
   0.47301703 -0.40912789 -1.13965182]
 [-0.25114995 -2.48711272 -1.13512834 -0.43360378 -0.60062629 -0.63455977
  -0.10514824 -1.65125845 -1.33053423]
 [ 4.89662334 -1.60261318 -1.93899272  0.42142729 -0.67042781 -1.95338204
   6.88928371 -0.68287995 -1.37842329]]"
8,"[1, 1, 1, 3, 3, 3, 1, 3]",18,8,"[[-0.42121588 -1.95772152 -1.37202885 -0.27549421 -0.46979804 -0.90380945
  -0.06431588 -1.00321689 -1.34779336]
 [ 5.65110429 -0.97288296  0.22693775  0.12791943  1.05258252  5.97399973
   0.26534814 -0.52638874 -1.17549921]
 [-0.25114995 -2.48711272 -1.13512834 -0.43360378 -0.60062629 -0.63455977
  -0.10514824 -1.65125845 -1.33053423]
 [ 6.83501071 -1.5394052  -1.89516813  1.10698219 -0.26659786 -1.69460032
   8.90767866 -0.45178935 -1.37502899]]"
9,"[1, 1, 1, 3, 3, 3, 3, 1]",18,8,"[[-0.42121588 -1.95772152 -1.37202885 -0.27549421 -0.46979804 -0.90380945
  -0.06431588 -1.00321689 -1.34779336]
 [ 7.53068386 -1.03949704  0.47992357  0.19550727  1.31244744  7.85298551
   0.52152825 -0.48457388 -1.19985687]
 [-0.25114995 -2.48711272 -1.13512834 -0.43360378 -0.60062629 -0.63455977
  -0.10514824 -1.65125845 -1.33053423]
 [ 6.11208787 -1.49960399 -1.99300509  1.40107555 -0.53101519 -1.92275346
   8.64326134 -0.13436665 -1.37987197]]"
10,"[1, 3, 1, 3, 1, 3, 1, 3]",18,8,"[[-0.42121588 -1.95772152 -1.37202885 -0.27549421 -0.46979804 -0.90380945
  -0.06431588 -1.00321689 -1.34779336]
 [ 6.99910116 -0.89632552  0.54042333  0.25600704  1.47690285  7.65742717
   0.3259699  -0.43190402 -1.14718701]
 [-0.25114995 -2.48711272 -1.13512834 -0.43360378 -0.60062629 -0.63455977
  -0.10514824 -1.65125845 -1.33053423]
 [ 7.91103403 -1.29400482 -1.92479795  1.90506198 -0.02702876 -1.67929258
  10.44220749  0.07123252 -1.35204714]]"
11,"[1, 1, 3, 3, 1, 3, 3, 1]",18,8,"[[-0.42121588 -1.95772152 -1.37202885 -0.27549421 -0.46979804 -0.90380945
  -0.06431588 -1.00321689 -1.34779336]
 [ 9.00929291 -0.65389849  1.05182835  0.56724081  2.46603888  9.49206973
   0.66263041 -0.32986337 -1.0603856 ]
 [-0.25114995 -2.48711272 -1.13512834 -0.43360378 -0.60062629 -0.63455977
  -0.10514824 -1.65125845 -1.33053423]
 [ 7.18074975 -1.18076287 -2.00483123  1.72876555 -0.31398692 -1.89031643
  10.01682298  0.18589402 -1.338569  ]]"
12,"[3, 1, 1, 1, 3, 3, 1, 3]",18,8,"[[-0.42121588 -1.95772152 -1.37202885 -0.27549421 -0.46979804 -0.90380945
  -0.06431588 -1.00321689 -1.34779336]
 [ 8.21238075 -0.36316436  0.98139182  0.67276728  2.40429777  9.19251744
   0.38679096 -0.09318303 -1.00519167]
 [-0.25114995 -2.48711272 -1.13512834 -0.43360378 -0.60062629 -0.63455977
  -0.10514824 -1.65125845 -1.33053423]
 [ 8.93168913 -1.17800357 -1.96445885  2.38097002  0.08270374 -1.65800295
  11.86108785  0.3193842  -1.35660664]]"
13,"[3, 3, 0, 1, 1, 1, 3, 1, 3]",13,9,"[[-0.42377008 -2.09717607 -1.5114834  -0.2780484  -0.5211005  -0.91075249
  -0.06444304 -1.01015993 -1.72687013]
 [ 7.93151063  0.14935193  1.43329804  0.83974836  3.02990694  9.11242919
   0.2758325   0.01378116 -0.45884026]
 [-0.25114995 -2.48711272 -1.13512834 -0.43360378 -0.60062629 -0.63455977
  -0.10514824 -1.65125845 -1.33053423]
 [10.2264905  -1.21289232 -1.96280202  2.35745052  0.0625716  -1.4826837
  13.15580898  0.2794322  -1.33629892]]"
14,"[1, 1, 3, 3, 3, 1, 3, 1]",18,8,"[[-0.42377008 -2.09717607 -1.5114834  -0.2780484  -0.5211005  -0.91075249
  -0.06444304 -1.01015993 -1.72687013]
 [ 9.63315003  0.06887116  1.65376984  0.86301513  3.2439155  10.81417292
   0.50602519 -0.04486806 -0.47615574]
 [-0.25114995 -2.48711272 -1.13512834 -0.43360378 -0.60062629 -0.63455977
  -0.10514824 -1.65125845 -1.33053423]
 [ 9.51824726 -0.58082915 -1.77672407  2.86848047  0.78603777 -1.75356948
  12.9247171   0.83084961 -1.19386279]]"
15,"[3, 1, 1, 3, 1, 3, 1, 3]",18,8,"[[-0.42377008 -2.09717607 -1.5114834  -0.2780484  -0.5211005  -0.91075249
  -0.06444304 -1.01015993 -1.72687013]
 [ 9.14507492  0.43262417  1.80319121  1.0091813   3.64361608 10.63466371
   0.32645636  0.08248039 -0.32475444]
 [-0.25114995 -2.48711272 -1.13512834 -0.43360378 -0.60062629 -0.63455977
  -0.10514824 -1.65125845 -1.33053423]
 [10.76535145 -0.32574111 -1.74098905  3.13632591  1.05286195 -1.58479481
  14.17182817  1.10645018 -1.16688651]]"
16,"[1, 1, 3, 1, 3, 3, 3, 1]",18,8,"[[-0.42377008 -2.09717607 -1.5114834  -0.2780484  -0.5211005  -0.91075249
  -0.06444304 -1.01015993 -1.72687013]
 [10.75285426  0.85931345  2.06743344  1.43941864  4.25478161 12.19617358
   0.59031915  0.52495989 -0.27071148]
 [-0.25114995 -2.48711272 -1.13512834 -0.43360378 -0.60062629 -0.63455977
  -0.10514824 -1.65125845 -1.33053423]
 [ 9.655932   -0.27078374 -1.89048316  3.28038808  0.59642214 -1.92398207
  13.70234311  1.38542685 -1.17348102]]"
17,"[1, 3, 1, 1, 3, 3, 1, 3]",18,8,"[[-0.42377008 -2.09717607 -1.5114834  -0.2780484  -0.5211005  -0.91075249
  -0.06444304 -1.01015993 -1.72687013]
 [ 9.90721392  1.17586675  1.99496611  1.57778645  4.21192782 11.87740606
   0.30008507  0.79554618 -0.21096033]
 [-0.25114995 -2.48711272 -1.13512834 -0.43360378 -0.60062629 -0.63455977
  -0.10514824 -1.65125845 -1.33053423]
 [10.96319358 -0.13056029 -1.87778119  3.80935174  0.80729626 -1.75288946
  15.1266233   1.64266891 -1.16032985]]"
18,"[1, 1, 3, 3, 1, 3, 1, 3]",18,8,"[[-0.42377008 -2.09717607 -1.5114834  -0.2780484  -0.5211005  -0.91075249
  -0.06444304 -1.01015993 -1.72687013]
 [ 9.55331162  1.45635455  2.1735035   1.7604789   4.70028036 11.74719221
   0.16994733  0.92117682 -0.11603166]
 [-0.25114995 -2.48711272 -1.13512834 -0.43360378 -0.60062629 -0.63455977
  -0.10514824 -1.65125845 -1.33053423]
 [11.91246489  0.18049808 -1.86621653  3.9358337   0.90378289 -1.62449391
  16.07738799  2.03526303 -1.1222921 ]]"
19,"[1, 1, 3, 1, 3, 3, 3, 1]",18,8,"[[-0.42377008 -2.09717607 -1.5114834  -0.2780484  -0.5211005  -0.91075249
  -0.06444304 -1.01015993 -1.72687013]
 [11.10916737  1.86573183  2.42583437  2.14369959  5.2601154  13.26219613
   0.42136101  1.32576628 -0.05682324]
 [-0.25114995 -2.48711272 -1.13512834 -0.43360378 -0.60062629 -0.63455977
  -0.10514824 -1.65125845 -1.33053423]
 [10.61625618  0.23387671 -2.04087867  4.02339253  0.34733098 -2.01890272
  15.50565848  2.32962704 -1.13041628]]"
20,"[3, 1, 1, 1, 3, 3, 1, 3]",18,8,"[[-0.42377008 -2.09717607 -1.5114834  -0.2780484  -0.5211005  -0.91075249
  -0.06444304 -1.01015993 -1.72687013]
 [10.29010839  2.28538114  2.37033608  2.22254288  5.18384742 12.9555589
   0.13510524  1.55473864  0.15794042]
 [-0.25114995 -2.48711272 -1.13512834 -0.43360378 -0.60062629 -0.63455977
  -0.10514824 -1.65125845 -1.33053423]
 [11.71416411  0.29392566 -2.04363025  4.44084664  0.44343201 -1.87621487
  16.72206012  2.49290688 -1.12257248]]"
21,"[1, 1, 3, 1, 3, 3, 1, 3]",18,8,"[[-0.42377008 -2.09717607 -1.5114834  -0.2780484  -0.5211005  -0.91075249
  -0.06444304 -1.01015993 -1.72687013]
 [ 9.78962173  2.59299593  2.33559419  2.42765709  5.26475803 12.76276436
  -0.02543029  1.85131522  0.20363229]
 [-0.25114995 -2.48711272 -1.13512834 -0.43360378 -0.60062629 -0.63455977
  -0.10514824 -1.65125845 -1.33053423]
 [12.50600416  0.39280876 -2.07883008  4.7436511   0.33472504 -1.7756924
  17.64729678  2.87610556 -1.12334535]]"
22,"[3, 1, 1, 1, 3, 3, 3, 1]",18,8,"[[-0.42377008 -2.09717607 -1.5114834  -0.2780484  -0.5211005  -0.91075249
  -0.06444304 -1.01015993 -1.72687013]
 [11.2926893   3.10336252  2.60245033  2.73518327  5.77719694 14.23359844
   0.20985247  2.1659686   0.44828001]
 [-0.25114995 -2.48711272 -1.13512834 -0.43360378 -0.60062629 -0.63455977
  -0.10514824 -1.65125845 -1.33053423]
 [11.13247487  0.4353503  -2.26383833  4.70349015 -0.30591073 -2.18521703
  17.00427239  3.04081062 -1.11742935]]"
23,"[1, 1, 3, 1, 3, 3, 1, 3]",18,8,"[[-0.42377008 -2.09717607 -1.5114834  -0.2780484  -0.5211005  -0.91075249
  -0.06444304 -1.01015993 -1.72687013]
 [10.50907767  3.26631237  2.51479795  2.77688613  5.63349932 13.94051355
  -0.06534644  2.30532701  0.47901167]
 [-0.25114995 -2.48711272 -1.13512834 -0.43360378 -0.60062629 -0.63455977
  -0.10514824 -1.65125845 -1.33053423]
 [12.08338815  0.59337309 -2.27572022  5.12956999 -0.2555042  -2.06201999
  18.06555718  3.54268063 -1.11316243]]"
24,"[1, 1, 1, 3, 3, 3, 1, 3]",18,8,"[[-0.42377008 -2.09717607 -1.5114834  -0.2780484  -0.5211005  -0.91075249
  -0.06444304 -1.01015993 -1.72687013]
 [10.01379924  3.3167962   2.44888578  2.69949664  5.45141901 13.75838091
  -0.24811286  2.30237871  0.49800707]
 [-0.25114995 -2.48711272 -1.13512834 -0.43360378 -0.60062629 -0.63455977
  -0.10514824 -1.65125845 -1.33053423]
 [12.73637865  0.64597288 -2.32322553  5.65411075 -0.4415851  -1.98009196
  18.88348611  4.11897601 -1.11905932]]"
25,"[1, 1, 3, 1, 3, 3, 3, 1]",18,8,"[[-4.23770080e-01 -2.09717607e+00 -1.51148340e+00 -2.78048405e-01
  -5.21100503e-01 -9.10752485e-01 -6.44430415e-02 -1.01015993e+00
  -1.72687013e+00]
 [ 1.14703577e+01  3.77771451e+00  2.68606675e+00  3.05852548e+00
   5.97753641e+00  1.51771625e+01 -1.32197065e-02  2.72500372e+00
   5.76387065e-01]
 [-2.51149950e-01 -2.48711272e+00 -1.13512834e+00 -4.33603782e-01
  -6.00626291e-01 -6.34559774e-01 -1.05148244e-01 -1.65125845e+00
  -1.33053423e+00]
 [ 1.13523125e+01  6.72772156e-01 -2.50969288e+00  5.51097903e+00
  -1.13959707e+00 -2.37570764e+00  1.81684891e+01  4.36486162e+00
  -1.12954518e+00]]"
26,"[1, 1, 1, 3, 3, 3, 1, 3]",18,8,"[[-0.42377008 -2.09717607 -1.5114834  -0.2780484  -0.5211005  -0.91075249
  -0.06444304 -1.01015993 -1.72687013]
 [10.69735609  3.84097452  2.58291858  2.93444039  5.69177261 14.89291883
  -0.29861447  2.70853731  0.60069764]
 [-0.25114995 -2.48711272 -1.13512834 -0.43360378 -0.60062629 -0.63455977
  -0.10514824 -1.65125845 -1.33053423]
 [12.18517896  0.72925174 -2.53328175  6.06461496 -1.18341494 -2.26785195
  19.13183726  4.88390015 -1.13284425]]"
27,"[1, 1, 3, 1, 3, 3, 1, 3]",18,8,"[[-0.42377008 -2.09717607 -1.5114834  -0.2780484  -0.5211005  -0.91075249
  -0.06444304 -1.01015993 -1.72687013]
 [10.20955991  4.26490926  2.55142098  3.14688839  5.78449178 14.70493017
  -0.4548547   3.09336537  0.67245752]
 [-0.25114995 -2.48711272 -1.13512834 -0.43360378 -0.60062629 -0.63455977
  -0.10514824 -1.65125845 -1.33053423]
 [12.78821836  0.76270497 -2.58154322  6.09239872 -1.4366431  -2.19083773
  19.82723557  5.10215628 -1.13751764]]"
28,"[1, 1, 3, 1, 3, 3, 1, 3]",18,8,"[[-0.42377008 -2.09717607 -1.5114834  -0.2780484  -0.5211005  -0.91075249
  -0.06444304 -1.01015993 -1.72687013]
 [ 9.90246882  4.65406703  2.54155235  3.35871144  5.91973567 14.58411818
  -0.54651725  3.43265567  0.74346951]
 [-0.25114995 -2.48711272 -1.13512834 -0.43360378 -0.60062629 -0.63455977
  -0.10514824 -1.65125845 -1.33053423]
 [13.31283662  0.81231743 -2.63522874  6.12465517 -1.71796822 -2.1248608
  20.45273221  5.37413607 -1.14187434]]"
29,"[1, 1, 3, 1, 3, 3, 3, 1]",18,8,"[[-0.42377008 -2.09717607 -1.5114834  -0.2780484  -0.5211005  -0.91075249
  -0.06444304 -1.01015993 -1.72687013]
 [11.3338802   5.01920906  2.76391051  3.6149031   6.3429506  15.98930137
  -0.32658167  3.73311941  0.81857812]
 [-0.25114995 -2.48711272 -1.13512834 -0.43360378 -0.60062629 -0.63455977
  -0.10514824 -1.65125845 -1.33053423]
 [11.86668661  0.86080174 -2.82957108  5.92909006 -2.46094941 -2.53507691
  19.68217804  5.68625419 -1.15175092]]"
30,"[1, 1, 1, 3, 3, 3, 1, 3]",18,8,"[[-0.42377008 -2.09717607 -1.5114834  -0.2780484  -0.5211005  -0.91075249
  -0.06444304 -1.01015993 -1.72687013]
 [10.66076374  5.05962846  2.67393396  3.46178354  6.07828367 15.74205134
  -0.57700439  3.59957753  0.85237631]
 [-0.25114995 -2.48711272 -1.13512834 -0.43360378 -0.60062629 -0.63455977
  -0.10514824 -1.65125845 -1.33053423]
 [12.58198854  0.90268271 -2.86084504  6.36663048 -2.57570112 -2.44247262
  20.51381331  6.16737739 -1.15619853]]"
31,"[1, 1, 3, 1, 3, 3, 1, 3]",18,8,"[[-0.42377008 -2.09717607 -1.5114834  -0.2780484  -0.5211005  -0.91075249
  -0.06444304 -1.01015993 -1.72687013]
 [10.23250426  5.40210907  2.63956873  3.58633447  6.10104633 15.57897941
  -0.71953629  3.88034104  0.92143047]
 [-0.25114995 -2.48711272 -1.13512834 -0.43360378 -0.60062629 -0.63455977
  -0.10514824 -1.65125845 -1.33053423]
 [13.10282443  0.94617864 -2.91255471  6.33207614 -2.8643212  -2.37588747
  21.11302945  6.41580508 -1.16051495]]"
32,"[3, 1, 1, 1, 3, 3, 1, 3]",18,8,"[[-0.42377008 -2.09717607 -1.5114834  -0.2780484  -0.5211005  -0.91075249
  -0.06444304 -1.01015993 -1.72687013]
 [ 9.96125807  5.81707548  2.65713702  3.68909523  6.16375428 15.4752259
  -0.80735133  4.04795105  1.24456733]
 [-0.25114995 -2.48711272 -1.13512834 -0.43360378 -0.60062629 -0.63455977
  -0.10514824 -1.65125845 -1.33053423]
 [13.55668704  1.04898359 -2.96801671  6.2257006  -3.19975551 -2.31872583
  21.65267746  6.51992065 -1.11978726]]"
33,"[1, 1, 3, 1, 3, 3, 1, 3]",18,8,"[[-0.42377008 -2.09717607 -1.5114834  -0.2780484  -0.5211005  -0.91075249
  -0.06444304 -1.01015993 -1.72687013]
 [ 9.81665243  6.09035267  2.65555195  3.80342166  6.2441837  15.41789044
  -0.84930048  4.24522086  1.30951292]
 [-0.25114995 -2.48711272 -1.13512834 -0.43360378 -0.60062629 -0.63455977
  -0.10514824 -1.65125845 -1.33053423]
 [13.98458329  1.12063171 -3.0238532   6.2356058  -3.49871101 -2.26547866
  22.17421831  6.85281743 -1.12309755]]"
34,"[1, 1, 1, 3, 3, 3, 3, 1]",18,8,"[[-0.42377008 -2.09717607 -1.5114834  -0.2780484  -0.5211005  -0.91075249
  -0.06444304 -1.01015993 -1.72687013]
 [11.21153516  6.17840356  2.84603146  3.76713014  6.41777267 16.81386815
  -0.66364215  4.13233202  1.36057827]
 [-0.25114995 -2.48711272 -1.13512834 -0.43360378 -0.60062629 -0.63455977
  -0.10514824 -1.65125845 -1.33053423]
 [12.48550219  1.13255666 -3.22673177  6.32371987 -4.26717162 -2.69033919
  21.4057577   7.3656254  -1.13717239]]"
35,"[1, 1, 3, 1, 3, 3, 1, 3]",18,8,"[[-0.42377008 -2.09717607 -1.5114834  -0.2780484  -0.5211005  -0.91075249
  -0.06444304 -1.01015993 -1.72687013]
 [10.67501739  6.40311385  2.7826616   3.75368441  6.28201298 16.61487923
  -0.8566258   4.28148054  1.41878713]
 [-0.25114995 -2.48711272 -1.13512834 -0.43360378 -0.60062629 -0.63455977
  -0.10514824 -1.65125845 -1.33053423]
 [13.09671165  1.19916497 -3.2616905   6.35109883 -4.44864948 -2.6105314
  22.07542455  7.64485454 -1.13874371]]"
36,"[1, 1, 3, 1, 3, 3, 1, 3]",18,8,"[[-0.42377008 -2.09717607 -1.5114834  -0.2780484  -0.5211005  -0.91075249
  -0.06444304 -1.01015993 -1.72687013]
 [10.33151121  6.66377002  2.74825312  3.78945318  6.23978473 16.48617597
  -0.97664911  4.46130445  1.48379963]
 [-0.25114995 -2.48711272 -1.13512834 -0.43360378 -0.60062629 -0.63455977
  -0.10514824 -1.65125845 -1.33053423]
 [13.55193728  1.24114724 -3.31394429  6.27324198 -4.75185467 -2.5522623
  22.59771556  7.88674833 -1.14301503]]"
37,"[1, 1, 3, 1, 3, 3, 3, 1]",18,8,"[[-0.42377008 -2.09717607 -1.5114834  -0.2780484  -0.5211005  -0.91075249
  -0.06444304 -1.01015993 -1.72687013]
 [11.64404856  6.92468282  2.93709954  3.88882767  6.49611475 17.79084725
  -0.79116928  4.63046626  1.55462955]
 [-0.25114995 -2.48711272 -1.13512834 -0.43360378 -0.60062629 -0.63455977
  -0.10514824 -1.65125845 -1.33053423]
 [12.33081136  1.2667443  -3.47796024  5.95992214 -5.4605573  -2.87340553
  21.86399703  8.12622372 -1.15260984]]"
38,"[1, 1, 3, 1, 3, 3, 1, 3]",18,8,"[[-0.42377008 -2.09717607 -1.5114834  -0.2780484  -0.5211005  -0.91075249
  -0.06444304 -1.01015993 -1.72687013]
 [11.00937037  7.0264968   2.84743335  3.75090313  6.21709709 17.55920778
  -1.02967116  4.64586709  1.6001982 ]
 [-0.25114995 -2.48711272 -1.13512834 -0.43360378 -0.60062629 -0.63455977
  -0.10514824 -1.65125845 -1.33053423]
 [13.04863701  1.3610573  -3.49626375  6.08472307 -5.52586564 -2.77866041
  22.63006854  8.45075325 -1.15130777]]"
39,"[1, 1, 3, 1, 3, 3, 1, 3]",18,8,"[[-0.42377008 -2.09717607 -1.5114834  -0.2780484  -0.5211005  -0.91075249
  -0.06444304 -1.01015993 -1.72687013]
 [10.61125753  7.22634852  2.79776791  3.71153216  6.08961829 17.4125771
  -1.17565801  4.75682544  1.65994723]
 [-0.25114995 -2.48711272 -1.13512834 -0.43360378 -0.60062629 -0.63455977
  -0.10514824 -1.65125845 -1.33053423]
 [13.56956069  1.40577025 -3.53711954  6.05374098 -5.75489417 -2.71104587
  23.20893517  8.67852573 -1.15437053]]"
40,"[1, 1, 1, 3, 3, 3, 1, 3]",18,8,"[[-0.42377008 -2.09717607 -1.5114834  -0.2780484  -0.5211005  -0.91075249
  -0.06444304 -1.01015993 -1.72687013]
 [10.37338334  7.35551919  2.76817815  3.61585113  5.99043059 17.32546691
  -1.26626444  4.66576738  1.71800867]
 [-0.25114995 -2.48711272 -1.13512834 -0.43360378 -0.60062629 -0.63455977
  -0.10514824 -1.65125845 -1.33053423]
 [13.9452403   1.41281128 -3.59509242  6.21458314 -6.08118134 -2.66387267
  23.68669246  9.07442506 -1.16233971]]"
41,"[np.int64(1), np.int64(1), np.int64(3), np.int64(1), np.int64(3), np.int64(3), np.int64(1), np.int64(3)]",18,8,"[[-0.42377008 -2.09717607 -1.5114834  -0.2780484  -0.5211005  -0.91075249
  -0.06444304 -1.01015993 -1.72687013]
 [10.2479001   7.64788198  2.76199944  3.6678372   6.01615698 17.27751763
  -1.30757074  4.86488922  1.79187711]
 [-0.25114995 -2.48711272 -1.13512834 -0.43360378 -0.60062629 -0.63455977
  -0.10514824 -1.65125845 -1.33053423]
 [14.29023503  1.40919099 -3.65368656  6.05440294 -6.44077619 -2.62046016
  24.0975164   9.19981475 -1.16925269]]"
42,"[np.int64(1), np.int64(1), np.int64(3), np.int64(1), np.int64(3), np.int64(3), np.int64(1), np.int64(3)]",18,8,"[[-0.42377008 -2.09717607 -1.5114834  -0.2780484  -0.5211005  -0.91075249
  -0.06444304 -1.01015993 -1.72687013]
 [10.20288487  7.89314521  2.76293195  3.69843663  6.04038006 17.26010982
  -1.32182683  5.01126135  1.86144988]
 [-0.25114995 -2.48711272 -1.13512834 -0.43360378 -0.60062629 -0.63455977
  -0.10514824 -1.65125845 -1.33053423]
 [14.62593787  1.42438773 -3.71036611  5.94227081 -6.7771066  -2.57862115
  24.50539516  9.37361161 -1.17509227]]"
43,"[np.int64(1), np.int64(1), np.int64(3), np.int64(1), np.int64(3), np.int64(3), np.int64(3), np.int64(1)]",18,8,"[[-0.42377008 -2.09717607 -1.5114834  -0.2780484  -0.5211005  -0.91075249
  -0.06444304 -1.01015993 -1.72687013]
 [11.52391842  8.11365666  2.94624483  3.73797835  6.23952603 18.58032314
  -1.14224599  5.12590262  1.93202877]
 [-0.25114995 -2.48711272 -1.13512834 -0.43360378 -0.60062629 -0.63455977
  -0.10514824 -1.65125845 -1.33053423]
 [13.33516419  1.43475984 -3.88412937  5.64616159 -7.4918573  -2.93380139
  23.77208635  9.56848464 -1.18567182]]"
44,"[np.int64(1), np.int64(1), np.int64(3), np.int64(1), np.int64(3), np.int64(3), np.int64(1), np.int64(3)]",18,8,"[[-0.42377008 -2.09717607 -1.5114834  -0.2780484  -0.5211005  -0.91075249
  -0.06444304 -1.01015993 -1.72687013]
 [11.09792344  8.18927151  2.87928781  3.57914436  5.99035052 18.42704173
  -1.3082937   5.09980821  1.97967888]
 [-0.25114995 -2.48711272 -1.13512834 -0.43360378 -0.60062629 -0.63455977
  -0.10514824 -1.65125845 -1.33053423]
 [13.91740851  1.50064053 -3.91043362  5.70416363 -7.61834932 -2.85754369
  24.405358    9.82669994 -1.18633162]]"
45,"[np.int64(1), np.int64(1), np.int64(3), np.int64(1), np.int64(3), np.int64(3), np.int64(1), np.int64(3)]",18,8,"[[-0.42377008 -2.09717607 -1.5114834  -0.2780484  -0.5211005  -0.91075249
  -0.06444304 -1.01015993 -1.72687013]
 [10.85153703  8.34269711  2.84304218  3.49813751  5.85910162 18.33821163
  -1.40385536  5.15042132  2.03826537]
 [-0.25114995 -2.48711272 -1.13512834 -0.43360378 -0.60062629 -0.63455977
  -0.10514824 -1.65125845 -1.33053423]
 [14.35306445  1.52735063 -3.95315989  5.65020406 -7.86366143 -2.80153432
  24.90027134 10.0060986  -1.19031871]]"
46,"[np.int64(1), np.int64(1), np.int64(3), np.int64(1), np.int64(3), np.int64(3), np.int64(1), np.int64(3)]",18,8,"[[-0.42377008 -2.09717607 -1.5114834  -0.2780484  -0.5211005  -0.91075249
  -0.06444304 -1.01015993 -1.72687013]
 [10.72384527  8.51626917  2.82460504  3.44756918  5.78549449 18.29259431
  -1.45452156  5.21874098  2.10047599]
 [-0.25114995 -2.48711272 -1.13512834 -0.43360378 -0.60062629 -0.63455977
  -0.10514824 -1.65125845 -1.33053423]
 [14.69828267  1.53936362 -4.0052475   5.54560638 -8.17316064 -2.75810809
  25.31165075 10.16160194 -1.1958369 ]]"
47,"[np.int64(1), np.int64(1), np.int64(3), np.int64(1), np.int64(3), np.int64(3), np.int64(1), np.int64(3)]",18,8,"[[-0.42377008 -2.09717607 -1.5114834  -0.2780484  -0.5211005  -0.91075249
  -0.06444304 -1.01015993 -1.72687013]
 [10.683332    8.68603811  2.81764625  3.40585346  5.74116919 18.27912252
  -1.47331869  5.280593    2.16315214]
 [-0.25114995 -2.48711272 -1.13512834 -0.43360378 -0.60062629 -0.63455977
  -0.10514824 -1.65125845 -1.33053423]
 [15.01576623  1.55149547 -4.0582936   5.45323211 -8.48455007 -2.71871604
  25.70093374 10.31911989 -1.20143338]]"
48,"[np.int64(1), np.int64(1), np.int64(3), np.int64(1), np.int64(3), np.int64(3), np.int64(1), np.int64(3)]",18,8,"[[-0.42377008 -2.09717607 -1.5114834  -0.2780484  -0.5211005  -0.91075249
  -0.06444304 -1.01015993 -1.72687013]
 [10.71007852  8.84991846  2.81920186  3.36803994  5.71661663 18.29054352
  -1.4677782   5.33415189  2.22591593]
 [-0.25114995 -2.48711272 -1.13512834 -0.43360378 -0.60062629 -0.63455977
  -0.10514824 -1.65125845 -1.33053423]
 [15.3211943   1.56652569 -4.11020329  5.38648256 -8.78290928 -2.68119717
  26.08301461 10.4825431  -1.20678731]]"
49,"[np.int64(1), np.int64(1), np.int64(3), np.int64(1), np.int64(3), np.int64(3), np.int64(3), np.int64(1)]",18,8,"[[-0.42377008 -2.09717607 -1.5114834  -0.2780484  -0.5211005  -0.91075249
  -0.06444304 -1.01015993 -1.72687013]
 [11.98012127  9.01190132  2.98855632  3.34485647  5.84845298 19.56688911
  -1.30222307  5.38194792  2.29157544]
 [-0.25114995 -2.48711272 -1.13512834 -0.43360378 -0.60062629 -0.63455977
  -0.10514824 -1.65125845 -1.33053423]
 [14.12381797  1.56881269 -4.27159669  5.13959026 -9.43739476 -3.01239874
  25.41539575 10.64359278 -1.21699722]]"
50,"[np.int64(1), np.int64(1), np.int64(3), np.int64(1), np.int64(3), np.int64(3), np.int64(1), np.int64(3)]",18,8,"[[-0.42377008 -2.09717607 -1.5114834  -0.2780484  -0.5211005  -0.91075249
  -0.06444304 -1.01015993 -1.72687013]
 [11.64415802  9.05623192  2.92920875  3.15842803  5.59422601 19.44799664
  -1.43859705  5.3166476   2.33790589]
 [-0.25114995 -2.48711272 -1.13512834 -0.43360378 -0.60062629 -0.63455977
  -0.10514824 -1.65125845 -1.33053423]
 [14.669194    1.61945248 -4.29377005  5.23032857 -9.53276828 -2.94140289
  26.01726781 10.85115137 -1.21795639]]"
51,"[np.int64(1), np.int64(1), np.int64(3), np.int64(1), np.int64(3), np.int64(3), np.int64(1), np.int64(3)]",18,8,"[[-0.42377008 -2.09717607 -1.5114834  -0.2780484  -0.5211005  -0.91075249
  -0.06444304 -1.01015993 -1.72687013]
 [11.46853775  9.18281069  2.89856853  3.05244157  5.45585472 19.38630319
  -1.51112421  5.33354451  2.39538617]
 [-0.25114995 -2.48711272 -1.13512834 -0.43360378 -0.60062629 -0.63455977
  -0.10514824 -1.65125845 -1.33053423]
 [15.07898991  1.63169938 -4.33101142  5.21702409 -9.73751804 -2.88914083
  26.49129304 10.97963523 -1.22208605]]"
52,"[np.int64(1), np.int64(1), np.int64(3), np.int64(1), np.int64(3), np.int64(3), np.int64(1), np.int64(3)]",18,8,"[[ -0.42377008  -2.09717607  -1.5114834   -0.2780484   -0.5211005
   -0.91075249  -0.06444304  -1.01015993  -1.72687013]
 [ 11.3973328    9.33504966   2.88452555   2.98115359   5.37583249
   19.36237283  -1.54347454   5.37455139   2.45690947]
 [ -0.25114995  -2.48711272  -1.13512834  -0.43360378  -0.60062629
   -0.63455977  -0.10514824  -1.65125845  -1.33053423]
 [ 15.40470804   1.629495    -4.37682913   5.1573638  -10.00106279
   -2.84858461  26.88781142  11.08350412  -1.22766546]]"
53,"[np.int64(1), np.int64(1), np.int64(3), np.int64(1), np.int64(3), np.int64(3), np.int64(1), np.int64(3)]",18,8,"[[ -0.42377008  -2.09717607  -1.5114834   -0.2780484   -0.5211005
   -0.91075249  -0.06444304  -1.01015993  -1.72687013]
 [ 11.3970174    9.48869401   2.88048068   2.92271103   5.32506951
   19.36439689  -1.54940795   5.41507683   2.5193171 ]
 [ -0.25114995  -2.48711272  -1.13512834  -0.43360378  -0.60062629
   -0.63455977  -0.10514824  -1.65125845  -1.33053423]
 [ 15.68043658   1.62385623  -4.42692302   5.08449073 -10.29126019
   -2.81506293  27.23974677  11.18546686  -1.23378575]]"
54,"[np.int64(1), np.int64(1), np.int64(3), np.int64(1), np.int64(3), np.int64(3), np.int64(1), np.int64(3)]",18,8,"[[ -0.42377008  -2.09717607  -1.5114834   -0.2780484   -0.5211005
   -0.91075249  -0.06444304  -1.01015993  -1.72687013]
 [ 11.45074621   9.63565925   2.88337233   2.86827873   5.29102267
   19.38638309  -1.53567811   5.44712893   2.58148086]
 [ -0.25114995  -2.48711272  -1.13512834  -0.43360378  -0.60062629
   -0.63455977  -0.10514824  -1.65125845  -1.33053423]
 [ 15.94525067   1.62185842  -4.47600693   5.03561164 -10.56954886
   -2.78323904  27.58520027  11.2956149   -1.23963954]]"
55,"[np.int64(1), np.int64(1), np.int64(3), np.int64(1), np.int64(3), np.int64(3), np.int64(1), np.int64(3)]",18,8,"[[ -0.42377008  -2.09717607  -1.5114834   -0.2780484   -0.5211005
   -0.91075249  -0.06444304  -1.01015993  -1.72687013]
 [ 11.5456495    9.77883223   2.89161487   2.81741293   5.27021656
   19.42356384  -1.50692958   5.47386158   2.64369322]
 [ -0.25114995  -2.48711272  -1.13512834  -0.43360378  -0.60062629
   -0.63455977  -0.10514824  -1.65125845  -1.33053423]
 [ 16.19790186   1.62254131  -4.52431592   5.00646574 -10.83834453
   -2.75325246  27.92233205  11.41166383  -1.24529086]]"
56,"[np.int64(1), np.int64(1), np.int64(3), np.int64(1), np.int64(3), np.int64(3), np.int64(1), np.int64(3)]",18,8,"[[ -0.42377008  -2.09717607  -1.5114834   -0.2780484   -0.5211005
   -0.91075249  -0.06444304  -1.01015993  -1.72687013]
 [ 11.67125836   9.92011946   2.90388691   2.7694851    5.25956578
   19.47206856  -1.4669613    5.49736616   2.70614419]
 [ -0.25114995  -2.48711272  -1.13512834  -0.43360378  -0.60062629
   -0.63455977  -0.10514824  -1.65125845  -1.33053423]
 [ 16.43754964   1.62519601  -4.57204183   4.99342646 -11.09965871
   -2.72518977  28.24975583  11.53195313  -1.25078826]]"
57,"[np.int64(1), np.int64(1), np.int64(3), np.int64(1), np.int64(3), np.int64(3), np.int64(1), np.int64(3)]",18,8,"[[ -0.42377008  -2.09717607  -1.5114834   -0.2780484   -0.5211005
   -0.91075249  -0.06444304  -1.01015993  -1.72687013]
 [ 11.81910419  10.06074469   2.91909652   2.72379198   5.25638632
   19.52877184  -1.41886154   5.51899448   2.76895226]
 [ -0.25114995  -2.48711272  -1.13512834  -0.43360378  -0.60062629
   -0.63455977  -0.10514824  -1.65125845  -1.33053423]
 [ 16.66369014   1.62927402  -4.61934038   4.99336786 -11.35517332
   -2.69909403  28.566463    11.65520736  -1.2561698 ]]"
58,"[np.int64(1), np.int64(1), np.int64(3), np.int64(1), np.int64(3), np.int64(3), np.int64(3), np.int64(1)]",18,8,"[[ -0.42377008  -2.09717607  -1.5114834   -0.2780484   -0.5211005
   -0.91075249  -0.06444304  -1.01015993  -1.72687013]
 [ 13.02561024  10.20128979   3.07753416   2.67845567   5.35927981
   20.74389506  -1.26422091   5.53881608   2.83403273]
 [ -0.25114995  -2.48711272  -1.13512834  -0.43360378  -0.60062629
   -0.63455977  -0.10514824  -1.65125845  -1.33053423]
 [ 15.50980462   1.61959318  -4.77524608   4.81867083 -11.95789893
   -3.02657828  27.95860112  11.77395444  -1.26651399]]"
59,"[np.int64(1), np.int64(1), np.int64(3), np.int64(1), np.int64(3), np.int64(3), np.int64(1), np.int64(3)]",18,8,"[[ -0.42377008  -2.09717607  -1.5114834   -0.2780484   -0.5211005
   -0.91075249  -0.06444304  -1.01015993  -1.72687013]
 [ 12.79921092  10.24149583   3.03234559   2.5001163    5.13910351
   20.66549298  -1.36078895   5.46209166   2.88249034]
 [ -0.25114995  -2.48711272  -1.13512834  -0.43360378  -0.60062629
   -0.63455977  -0.10514824  -1.65125845  -1.33053423]
 [ 15.96344711   1.65468189  -4.79462099   4.95643761 -12.02550774
   -2.96862831  28.48141538  11.9317512   -1.26787452]]"
60,"[np.int64(1), np.int64(1), np.int64(3), np.int64(1), np.int64(3), np.int64(3), np.int64(1), np.int64(3)]",18,8,"[[ -0.42377008  -2.09717607  -1.5114834   -0.2780484   -0.5211005
   -0.91075249  -0.06444304  -1.01015993  -1.72687013]
 [ 12.69978554  10.35852446   3.01104592   2.39522665   5.02009585
   20.63208411  -1.40597617   5.46262225   2.94118568]
 [ -0.25114995  -2.48711272  -1.13512834  -0.43360378  -0.60062629
   -0.63455977  -0.10514824  -1.65125845  -1.33053423]
 [ 16.30324716   1.65611702  -4.82652748   5.00434226 -12.1849777
   -2.92637581  28.8962236   12.01893833  -1.27194964]]"
